"Crop_Status","Avg_Moisture","Avg_Temp","Avg_Humidity","Avg_pH","Total_Count"
"0",32.6205057649393,33.8388580159124,59.1615139499275,6.1996063154702,767
"1",60.6342098606963,27.4363496500624,60.1600223077238,6.21231148024814,1233
