Region,Avg_Temp,Avg_Moisture,Total_Extreme_Alerts
North_Field,29.927509104767942,50.125997965512944,895
East_Field,29.967480416699978,49.77598435759806,859
West_Field,30.04711596349514,50.02387632047349,843
South_Field,29.976471311058294,49.91169796959105,813
Greenhouse,29.992515197005343,50.483150768999096,791
